{"revenue": [0.701703], "regret": [0.6981], "w_rgt": [3.300011]}