{ "revenue": [ 0.134622, 1.725896, 1.832249, 1.802501, 1.810494, 1.772116, 1.810221, 1.795781, 1.742698, 1.79642, 1.779191, 1.781381, 1.764954, 1.782902, 1.767759, 1.756289, 1.751534, 1.71885, 1.761176, 1.784911, 1.761601, 1.75074, 1.73396, 1.738757, 1.758919, 1.746565, 1.758957, 1.753367, 1.770966, 1.756433 ], "regret": [ 0.110403, 0.017457, 0.01687, 0.011034, 0.013836, 0.006949, 0.007384, 0.005626, 0.006301, 0.008058, 0.004487, 0.004285, 0.003545, 0.00498, 0.002766, 0.004972, 0.003635, 0.004987, 0.00289, 0.003204, 0.002191, 0.001697, 0.001032, 0.002396, 0.001213, 0.002166, 0.001621, 0.001588, 0.001468, 0.001102 ], "w_rgt": [ 3.203421, 5.474254, 4.725086, 8.264082, 11.320634, 8.317863, 6.193229, 7.770383, 14.422659, 7.345944, 12.984904, 10.917777, 13.507879, 17.652007, 17.609498, 22.758936, 22.177422, 27.607435, 26.724264, 21.847692, 30.689965, 25.887106, 27.582317, 28.9381, 27.554922, 33.601836, 26.839276, 24.874188, 24.632353, 27.845503 ] }