{ "revenue": [ 0.698155, 1.791383, 1.826012, 1.806813, 1.814977, 1.811403, 1.816176, 1.813931, 1.815521, 1.790511, 1.797962, 1.802439, 1.779214, 1.792766, 1.768554, 1.76583, 1.758173, 1.766572, 1.776925, 1.760003, 1.773454, 1.735349, 1.779734, 1.743978, 1.735353, 1.74659, 1.77847, 1.767445, 1.776979, 1.740504 ], "regret": [ 0.673402, 0.015493, 0.014163, 0.012358, 0.012525, 0.009438, 0.00871, 0.007989, 0.00645, 0.006883, 0.005403, 0.005567, 0.004978, 0.004415, 0.003482, 0.00367, 0.003077, 0.002486, 0.002037, 0.001812, 0.001783, 0.001639, 0.001685, 0.001764, 0.001679, 0.002123, 0.002134, 0.001867, 0.001644, 0.001635 ], "w_rgt": [ 3.284536, 4.827018, 4.327836, 4.758747, 4.86865, 5.587232, 5.718393, 6.495648, 7.21924, 7.813661, 9.310301, 9.981586, 11.179567, 12.509038, 15.847817, 18.434698, 21.102985, 27.32641, 34.926759, 43.116923, 54.982718, 65.251577, 31.605953, 29.330393, 25.25333, 26.161189, 26.086235, 25.814931, 24.652099, 25.453012 ] }